{
  "hash": "638e76b6",
  "configHash": "d04f3d4c",
  "lockfileHash": "32365966",
  "browserHash": "b75e82a2",
  "optimized": {
    "@angular/core": {
      "src": "../../../../../node_modules/@angular/core/fesm2022/core.mjs",
      "file": "@angular_core.js",
      "fileHash": "a57e1c23",
      "needsInterop": false
    },
    "@angular/platform-browser": {
      "src": "../../../../../node_modules/@angular/platform-browser/fesm2022/platform-browser.mjs",
      "file": "@angular_platform-browser.js",
      "fileHash": "12437050",
      "needsInterop": false
    },
    "@angular/router": {
      "src": "../../../../../node_modules/@angular/router/fesm2022/router.mjs",
      "file": "@angular_router.js",
      "fileHash": "1467dd6d",
      "needsInterop": false
    }
  },
  "chunks": {
    "chunk-PLTXHCJV": {
      "file": "chunk-PLTXHCJV.js"
    },
    "chunk-4TZND4QJ": {
      "file": "chunk-4TZND4QJ.js"
    }
  }
}